"cp$optimal_cutpoint","biome","paired_biome"
0.824545071056683,"CENF","XSHB"
0.881217986944574,"CMIX","XSHB"
0.875067787425417,"DESE","TUND"
0.875067787425417,"DESE","CENF"
0.875067787425417,"DESE","CMIX"
0.866486490254598,"ENWD","TUND"
0.881653774336291,"GRAM","TUND"
0.869399706414974,"TEDE","TUND"
0.883453071037066,"TUND","XSHB"
0.845032035800922,"WTSFS","CENF"
0.798680022154936,"XSHB","CENF"
